NOM;PRENOM;MENTION;PARCOURS;GRADE;NIVEAU;Numéro d’inscription
SANDANIAINA ;Adrien;PORTAIL L1;MIT;Licence;1;UA04686FS2023
RANDRIANANTOANINA;BIENVENU RAPHAEL;PORTAIL L1;MIT;Licence;1;UA06814FS2023
VELONJARA;Edmonico;PORTAIL L1;MIT;Licence;1;UA06815FS2023
DAMY ;Eden-ly;PORTAIL L1;MIT;Licence;1;UA06816FS2023
MIASA;Niharison dyco;PORTAIL L1;MIT;Licence;1;UA06817FS2023
NARIVELO;Brice Privat;PORTAIL L1;MIT;Licence;1;UA06818FS2023
RAKOTONARIVO;Andriamiharitsoa;PORTAIL L1;MIT;Licence;1;UA06819FS2023
FOCK;Lahoussa Mirella;PORTAIL L1;MIT;Licence;1;UA06820FS2023
